+0.0000,0.0000,A
+1.0000,0.0000,B
+1.9449,0.3274,B
+2.7102,-0.3162,A
+1.9158,-0.9235,B
+0.9741,-1.2599,B
-0.0191,-1.1430,A
-0.9335,-1.5478,B
-0.9735,-0.5486,A
-1.9568,-0.7309,B
-2.9007,-0.4007,B
-3.8911,-0.2627,A
-4.2901,-1.1797,B
-4.6373,-2.1174,B
-5.1781,-2.9586,A
-6.0785,-3.3937,B
-6.1646,-2.3974,A
-5.7690,-1.4790,B
-5.4011,-0.5491,B
-4.8770,0.3026,A
-4.8033,1.2998,B
-3.8985,0.8740,A
-2.8990,0.9059,B
-1.9781,0.5161,B
-0.9813,0.5954,A
-1.3538,1.5234,B
-2.2322,2.0012,B
-2.6534,2.9082,A
-2.5816,3.9056,B
-1.6754,3.4826,A
-0.9743,2.7696,B
-0.2466,2.0837,B
+0.0381,1.1251,A
+1.0280,1.2671,B
