+0.0000,+0.0000,A
+1.0000,+0.0000,B
+1.9747,-0.2235,B
+2.9548,-0.4219,A
+3.9322,-0.2105,B
+3.8125,-1.2033,A
+2.8681,-1.5320,A
+1.8683,-1.5087,B
+0.8974,-1.2693,B
-0.0931,-1.1320,A
-1.0286,-1.4852,B
-1.0185,-0.4853,A
-1.9954,-0.6993,B
-2.3293,-1.6419,B
-2.6263,-2.5968,B
-2.9562,-3.5408,A
-3.3387,-4.4647,A
-3.3608,-5.4645,B
-2.9519,-6.3771,B
-2.1924,-7.0276,A
-1.7462,-7.9225,B
-0.9737,-7.2875,A
-0.1793,-6.6802,B
+0.5169,-5.9623,B
+1.1859,-5.2190,B
+0.8327,-4.2835,A
-0.0178,-4.8094,B
-0.7151,-5.5262,B
-1.4525,-6.2017,A
-2.0071,-5.3696,B
-2.2118,-4.3908,A
-1.2144,-4.3184,B
-0.4975,-3.6212,B
+0.4233,-3.2312,A
+1.1203,-2.5142,B
+1.5508,-3.4167,A
+2.3177,-4.0585,B
+2.5228,-5.0372,B
+2.9575,-5.9378,A
+3.7742,-5.3608,B
+4.0205,-6.3300,A
+3.8660,-7.3180,B
+4.8460,-7.1189,A
+5.6961,-7.6455,B
+5.8735,-6.6614,A
+5.1020,-6.0251,A
+5.2439,-5.0353,B
+6.1038,-5.5458,A
+6.4050,-4.5922,B
+5.8376,-3.7688,B
+5.3966,-2.8713,A
+5.7271,-1.9275,A
+6.4637,-1.2512,B
+7.3704,-0.8295,B
+8.1655,-0.2230,A
+7.3887,+0.4068,B
+6.4497,+0.0627,B
+5.5317,-0.3338,B
+4.9428,-1.1420,A
+4.5906,-2.0779,A
+3.6239,-2.3339,A
+3.3342,-3.2910,B
+4.3288,-3.1874,A
+4.2905,-4.1867,B