+0.0000,0.0000,B
+1.0000,0.0000,A
+1.8429,0.5380,B
+1.0324,1.1238,A
+0.0570,1.3442,B
-0.9111,1.5948,B
-1.8126,2.0274,A
-2.3775,2.8527,B
-1.4053,3.0870,A
-0.4416,2.8199,B
+0.5172,2.5358,B
+1.4524,2.1818,A
+2.3821,1.8134,B
+3.3185,1.4625,B
+4.2988,1.2648,A
+5.0516,0.6065,B
+4.1636,0.1465,A
+3.1715,0.0214,B
+2.3929,-0.6061,B
+1.4865,-1.0286,A
+0.8765,-1.8210,B
+1.8327,-2.1134,A
+2.7821,-1.7992,B
+3.5745,-1.1893,B
+4.5438,-0.9433,A
+5.4832,-0.6005,B
+6.3994,-0.1998,B
+7.3939,-0.0947,A
+8.3234,-0.4635,B
+7.6507,-1.2034,A
+6.6876,-1.4724,B
+5.7424,-1.7991,B
+4.7919,-2.1095,A
+3.8463,-2.4350,B
+3.0283,-3.0102,B
+2.0645,-3.2768,A
+1.0647,-3.2601,B
+1.3822,-4.2084,A
+0.4781,-4.6358,B
+0.8512,-5.5636,B
+1.8080,-5.2725,A
+2.8072,-5.3114,B
+2.4815,-4.3659,A
+3.4701,-4.2152,B
+4.2508,-3.5903,B
+5.1847,-3.2327,A
+6.1446,-2.9524,B
+7.0962,-2.6449,B
+8.0310,-2.2899,A
+8.9903,-2.5724,B
+8.3932,-3.3745,A
+7.5078,-3.8395,B
+6.5518,-4.1326,B
+5.5724,-4.3347,A
+4.6728,-4.7714,B